{"cameraMode":{"drawMode":0,"name":"Shaded","section":"Shading Mode"},"sceneLighting":true,"audioPlay":false,"sceneViewState":{"showFog":true,"showMaterialUpdate":true,"showSkybox":true,"showFlares":true,"showImageEffects":true,"showParticleSystems":true},"in2DMode":false,"pivot":{"x":6.20656681060791,"y":1.872063159942627,"z":0.936103105545044},"rotation":{"x":0.02470201626420021,"y":-0.2893918454647064,"z":0.007470287848263979,"w":0.9568721652030945},"size":4.904972553253174,"orthographic":false}