{"cameraMode":{"drawMode":0,"name":"Shaded","section":"Shading Mode"},"sceneLighting":true,"audioPlay":false,"sceneViewState":{"showFog":true,"showMaterialUpdate":true,"showSkybox":true,"showFlares":true,"showImageEffects":true,"showParticleSystems":true},"in2DMode":false,"pivot":{"x":1.2717797756195069,"y":1.2680214643478394,"z":1.3256313800811768},"rotation":{"x":0.00030952971428632736,"y":-0.007190007250756025,"z":0.0000029765526505798336,"w":0.9999908208847046},"size":5.6396260261535648,"orthographic":false}